"","block","X1","X2","Y"
"1","0",33,340,3.89
"2","0",37,340,6.36
"3","0",33,360,7.65
"4","0",37,360,6.79
"5","0",35,350,8.36
"6","0",35,350,7.63
"7","0",35,350,8.12
"8","1",37.8284271247462,350,8.4
"9","1",32.1715728752538,350,5.38
"10","1",35,364.142135623731,7
"11","1",35,335.857864376269,4.51
"12","1",35,350,7.81
"13","1",35,350,8.44
"14","1",35,350,8.06
