"","Day","LCPUE"
"1",0,0.3677248
"2",1,0.6359888
"3",2,0
"4",34,1.3581235
"5",35,0.8472979
"6",36,1.1349799
"7",37,1.7147984
"8",55,2.4079456
"9",56,1.8458267
"10",57,1.6314168
"11",83,2.6855773
"12",84,3.6079104
"13",85,3.8310539
"14",86,3.7560188
"15",111,4.4067192
"16",112,4.5538769
"17",113,3.7455748
"18",114,3.3040336
"19",246,3.8406463
"20",247,2.6779727
"21",248,2.839728
"22",251,3.9361735
"23",252,3.4159035
"24",282,3.9491047
"25",283,3.3479529
"26",284,3.3322045
"27",288,3.149883
