"","A","Gain","S","m","SD"
"1",0,623,1,10,19.4593593591019
"2",0.04,680.2,1,5,7.19027120489902
"3",0.1,721.4,1,5,21.4546032356695
"4",0.16,750.4,1,5,17.4871381306376
"5",0.28,789.4,1,5,14.6731046476197
"6",0.04,672.2,2,5,26.5084892062901
"7",0.1,709.2,2,5,14.6696966567138
"8",0.16,731.2,2,5,12.1737422348266
"9",0.28,778.2,2,5,25.7040852784144
"10",0.04,668.4,3,5,24.4908146046635
"11",0.1,715.6,3,5,9.04433524367601
"12",0.16,732,3,5,17.7059312096258
"13",0.28,794,3,5,19.2873015219859
