{
    "uid": "D150_VAMP",
    "comment": "D150, Agile project (modified)",
    "refs": {
        "area": 122.4,
        "span": 4.19311980812,
        "chord": 4.19311980812,
        "gcenter": [
            0.0,
            10.0,
            0.0
        ],
        "rcenter": [
            0.0,
            10.0,
            0.0
        ]
    },
    "wings": [
        {
            "uid": "D150_VAMP_W1",
            "symmetry": 2,
            "segments": [
                {
                    "uid": "D150_VAMP_W1_Seg1",
                    "vertices": {
                        "a": [
                            12.7455945822,
                            0.0,
                            -1.13628021843
                        ],
                        "b": [
                            12.7455945822,
                            1.85623036491,
                            -1.13628021843
                        ],
                        "c": [
                            18.81761321827804,
                            1.85623036491,
                            -1.3483197815700778
                        ],
                        "d": [
                            18.81761321827804,
                            0.0,
                            -1.3483197815700778
                        ]
                    },
                    "geometry": {
                        "inner_chord": 6.075719800420001,
                        "inner_alpha": 2.000000000000001,
                        "inner_beta": -0.0,
                        "inner_axis": 0.25,
                        "outer_chord": 6.075719800420001,
                        "outer_alpha": 2.000000000000001,
                        "outer_beta": -0.0,
                        "outer_axis": 0.25,
                        "span": 1.85623036491,
                        "sweep": 0.0,
                        "dihedral": 0.0
                    },
                    "airfoils": {
                        "inner": "NACA0000",
                        "outer": "NACA0000"
                    },
                    "panels": {
                        "num_c": null,
                        "num_s": null
                    }
                },
                {
                    "uid": "D150_VAMP_W1_Seg2",
                    "vertices": {
                        "a": [
                            12.7455945822,
                            1.85623036491,
                            -1.13628021843
                        ],
                        "b": [
                            15.08027182898132,
                            6.333194463665555,
                            -0.8258865902400442
                        ],
                        "c": [
                            18.836422557259382,
                            6.333194463665555,
                            -0.9570542639985028
                        ],
                        "d": [
                            18.81761321827804,
                            1.85623036491,
                            -1.3483197815700778
                        ]
                    },
                    "geometry": {
                        "inner_chord": 6.075719800420001,
                        "inner_alpha": 2.000000000000001,
                        "inner_beta": -0.0,
                        "inner_axis": 0.25,
                        "outer_chord": 3.758440268539999,
                        "outer_alpha": 2.000000000000001,
                        "outer_beta": -0.0,
                        "outer_axis": 0.25,
                        "span": 4.487711192352629,
                        "sweep": 27.485158003033636,
                        "dihedral": 3.708454370402593
                    },
                    "airfoils": {
                        "inner": "NACA0000",
                        "outer": "NACA0000"
                    },
                    "panels": {
                        "num_c": null,
                        "num_s": null
                    }
                },
                {
                    "uid": "D150_VAMP_W1_Seg3",
                    "vertices": {
                        "a": [
                            15.08027182898132,
                            6.333194463665555,
                            -0.8258865902400442
                        ],
                        "b": [
                            20.62010302653796,
                            16.956343945599123,
                            -0.08937009429178189
                        ],
                        "c": [
                            22.115034014736974,
                            16.956343945599123,
                            -0.14157423473675035
                        ],
                        "d": [
                            18.836422557259382,
                            6.333194463665555,
                            -0.9570542639985028
                        ]
                    },
                    "geometry": {
                        "inner_chord": 3.758440268539999,
                        "inner_alpha": 2.000000000000001,
                        "inner_beta": -0.0,
                        "inner_axis": 0.25,
                        "outer_chord": 1.4958422148600012,
                        "outer_alpha": 2.000000000000004,
                        "outer_beta": -0.0,
                        "outer_axis": 0.25,
                        "span": 10.648650687496016,
                        "sweep": 27.485158003033632,
                        "dihedral": 3.8600666192156043
                    },
                    "airfoils": {
                        "inner": "NACA0000",
                        "outer": "NACA0000"
                    },
                    "panels": {
                        "num_c": null,
                        "num_s": null
                    }
                }
            ],
            "controls": [
                {
                    "uid": "D150_VAMP_W1_CompSeg1_innerFlap",
                    "device_type": "flap",
                    "deflection": 0.0,
                    "deflection_mirror": 0.0,
                    "segment_uid": {
                        "inner": "D150_VAMP_W1_Seg2",
                        "outer": "D150_VAMP_W1_Seg2"
                    },
                    "rel_vertices": {
                        "eta_inner": 0.004542978645155597,
                        "eta_outer": 0.8199399189373244,
                        "xsi_inner": 0.812922199791,
                        "xsi_outer": 0.7195
                    },
                    "rel_hinge_vertices": {
                        "xsi_inner": 0.812922199791,
                        "xsi_outer": 0.7195
                    },
                    "panels": {
                        "num_c": null
                    }
                },
                {
                    "uid": "D150_VAMP_W1_CompSeg1_outerFlap",
                    "device_type": "flap",
                    "deflection": 0.0,
                    "deflection_mirror": 0.0,
                    "segment_uid": {
                        "inner": "D150_VAMP_W1_Seg2",
                        "outer": "D150_VAMP_W1_Seg3"
                    },
                    "rel_vertices": {
                        "eta_inner": 0.8199399189373244,
                        "eta_outer": 0.6153265234191353,
                        "xsi_inner": 0.7195,
                        "xsi_outer": 0.705129411765
                    },
                    "rel_hinge_vertices": {
                        "xsi_inner": 0.7195,
                        "xsi_outer": 0.705129411765
                    },
                    "panels": {
                        "num_c": null
                    }
                },
                {
                    "uid": "D150_VAMP_W1_CompSeg1_aileron",
                    "device_type": "flap",
                    "deflection": 0.0,
                    "deflection_mirror": 0.0,