{
    "uid": "OptimaleBL3",
    "comment": "UAV MALE, Agile project (modified)",
    "refs": {
        "area": 55.7983,
        "span": 33.256,
        "chord": 1.8008,
        "gcenter": [
            10.124,
            0,
            2.7322
        ],
        "rcenter": [
            10.124,
            0,
            2.7322
        ]
    },
    "wings": [
        {
            "uid": "Wing",
            "symmetry": 2,
            "segments": [
                {
                    "uid": "OptimaleBL3_Wing_Seg_1_2",
                    "vertices": {
                        "a": [
                            9.19683826,
                            0.0,
                            2.5138795
                        ],
                        "b": [
                            9.382238999999998,
                            4.05,
                            2.5138795
                        ],
                        "c": [
                            11.430566264993084,
                            4.05,
                            2.502404506077134
                        ],
                        "d": [
                            11.399337144972087,
                            0.0,
                            2.5015402401165603
                        ]
                    },
                    "geometry": {
                        "inner_chord": 2.2025334493799993,
                        "inner_alpha": 0.3209899999999948,
                        "inner_beta": -0.0,
                        "inner_axis": 0.25,
                        "outer_chord": 2.048359406939999,
                        "outer_alpha": 0.3209749999999956,
                        "outer_beta": -0.0,
                        "outer_axis": 0.25,
                        "span": 4.05,
                        "sweep": 2.6210540405187346,
                        "dihedral": -0.003056715547574303
                    },
                    "airfoils": {
                        "inner": "NACA0000",
                        "outer": "NACA0000"
                    },
                    "panels": {
                        "num_c": null,
                        "num_s": null
                    }
                },
                {
                    "uid": "OptimaleBL3_Wing_Seg_2_3",
                    "vertices": {
                        "a": [
                            9.382238999999998,
                            4.05,
                            2.5138795
                        ],
                        "b": [
                            9.677836999999998,
                            10.0725,
                            2.5040627
                        ],
                        "c": [
                            11.395451754065885,
                            10.072532574395899,
                            2.539383883647004
                        ],
                        "d": [
                            11.430566264993084,
                            4.05,
                            2.502404506077134
                        ]
                    },
                    "geometry": {
                        "inner_chord": 2.048359406939999,
                        "inner_alpha": 0.3209749999999956,
                        "inner_beta": -0.0,
                        "inner_axis": 0.25,
                        "outer_chord": 1.7179778899799996,
                        "outer_alpha": -1.1780694991580931,
                        "outer_beta": -0.001086608857167828,
                        "outer_axis": 0.25,
                        "span": 6.022508000788561,
                        "sweep": 2.809948458991004,
                        "dihedral": -0.2046924308413752
                    },
                    "airfoils": {
                        "inner": "NACA0000",
                        "outer": "NACA0000"
                    },
                    "panels": {
                        "num_c": null,
                        "num_s": null
                    }
                },
                {
                    "uid": "OptimaleBL3_Wing_Seg_3_4",
                    "vertices": {
                        "a": [
                            9.677836999999998,
                            10.0725,
                            2.5040627
                        ],
                        "b": [
                            10.31556,
                            14.998000000000001,
                            2.5090662
                        ],
                        "c": [
                            11.372595863004403,
                            15.008537523213377,
                            2.5380178070857293
                        ],
                        "d": [
                            11.395451754065885,
                            10.072532574395899,
                            2.539383883647004
                        ]
                    },
                    "geometry": {
                        "inner_chord": 1.7179778899799996,
                        "inner_alpha": -1.1780694991580931,
                        "inner_beta": -0.001086608857167828,
                        "inner_axis": 0.25,
                        "outer_chord": 1.0574847755999999,
                        "outer_alpha": -1.5689063537218246,
                        "outer_beta": -0.5711590577215009,
                        "outer_axis": 0.25,
                        "span": 4.9255025413669475,
                        "sweep": 7.377256074109128,
                        "dihedral": 0.07668567169411275
                    },
                    "airfoils": {
                        "inner": "NACA0000",
                        "outer": "NACA0000"
                    },
                    "panels": {
                        "num_c": null,
                        "num_s": null
                    }
                },
                {
                    "uid": "OptimaleBL3_Wing_Seg_4_5",
                    "vertices": {
                        "a": [
                            10.31556,
                            14.998000000000001,
                            2.5090662
                        ],
                        "b": [
                            11.204799999999999,
                            16.2,
                            3.6095999999999995
                        ],
                        "c": [
                            11.504583285026772,
                            16.2,
                            3.618337849330144
                        ],
                        "d": [
                            11.372595863004403,
                            15.008537523213377,
                            2.5380178070857293
                        ]
                    },
                    "geometry": {
                        "inner_chord": 1.0574847755999999,
                        "inner_alpha": -1.5689063537218246,
                        "inner_beta": -0.5711590577215009,
                        "inner_axis": 0.25,
                        "outer_chord": 0.29991059999999997,
                        "outer_alpha": -1.6695399999999898,
                        "outer_beta": -0.0,
                        "outer_axis": 0.25,
                        "span": 1.6297173512429801,
                        "sweep": 28.618676063684862,
                        "dihedral": 42.670172056435526
                    },
                    "airfoils": {
                        "inner": "NACA0000",
                        "outer": "NACA0000"
                    },
                    "panels": {
                        "num_c": null,
                        "num_s": 4
                    }
                }
            ],
            "controls": [
                {
                    "uid": "Wing_Flap",
                    "device_type": "flap",
                    "deflection": 0.0,
                    "deflection_mirror": 0.0,