Ricciardi using AVL with Fine Mesh,,
AoA_deg,C_L,C_D
0,0,0
2,0.11219,0.00077
4,0.22408,0.00306
6,0.33538,0.00685
8,0.4458,0.01209
10,0.55505,0.01872
