Distance,Speed
0.000101,Fast
0.000102,Fast
0.0001,Fast
0.000102,Fast
0.000101,Fast
0.000103,Fast
0.000104,Fast
0.000102,Fast
0.000102,Fast
0.0001,Fast
0.000098,Slow
0.000096,Slow
0.000097,Slow
0.000095,Slow
0.000094,Slow
0.000098,Slow
0.000096,Slow
0.9756,Slow
0.000097,Slow
0.000096,Slow
