AVL trim results,,,
alpha,delta,C_L,C_D
0,0,0,0
1.81379,-2.04026,0.1,0.00066
3.6311,-4.08643,0.2,0.00264
5.45607,-6.14739,0.3,0.00594
7.29301,-8.23239,0.4,0.01055
