"Time (s)"," Decays (#)"
0, 10.0
1, 1.353352832
2, 0.183156389
3, 0.024787522
4, 0.003354626
5, 0.000453999
6, 6.1442e-05
7, 8.315e-06
8, 1.126e-06
9, 1.52e-07
